rings	sex	length	diameter	shell_weight	whole_weight
1	17	M	0.655	0.485	0.485	1.62
2	13	I	0.43	0.325	0.12	0.3675
3	11	F	0.65	0.59	0.435	1.662
4	11	I	0.465	0.38	0.155	0.454
5	8	M	0.58	0.45	0.2295	1.0025
6	10	M	0.69	0.53	0.48	1.5955
7	14	F	0.62	0.51	0.315	1.1255
8	8	I	0.475	0.365	0.158	0.4545
9	4	I	0.27	0.205	0.0305	0.118
10	11	I	0.62	0.49	0.305	1.066
11	9	F	0.575	0.465	0.35	1.099
12	19	F	0.66	0.52	0.42	1.514
13	7	M	0.545	0.42	0.205	0.778
14	10	F	0.57	0.435	0.245	0.8295
15	6	I	0.325	0.245	0.045	0.161
16	7	I	0.43	0.325	0.105	0.3645
17	9	M	0.51	0.41	0.3795	1.2825
18	13	M	0.675	0.525	0.395	1.587
19	14	M	0.565	0.44	0.325	0.9025
20	9	I	0.515	0.36	0.138	0.4725
21	16	F	0.525	0.39	0.21	0.6005
22	10	M	0.475	0.375	0.17	0.5175
23	12	M	0.595	0.47	0.245	0.8915
24	9	F	0.595	0.47	0.31	1.1775
25	7	I	0.33	0.25	0.052	0.2085
26	9	F	0.575	0.48	0.306	1.078
27	9	M	0.5	0.38	0.145	0.5765
28	10	F	0.685	0.53	0.3725	1.5105
29	8	I	0.44	0.34	0.125	0.344
30	8	I	0.425	0.31	0.1	0.3505
31	7	I	0.35	0.265	0.06	0.2
32	9	I	0.5	0.38	0.1565	0.594
33	9	M	0.65	0.51	0.375	1.542
34	6	I	0.355	0.265	0.06	0.2435
35	13	M	0.505	0.4	0.255	0.77
36	12	F	0.61	0.48	0.315	1.234
37	7	I	0.315	0.235	0.047	0.149
38	9	M	0.58	0.49	0.237	1.1335
39	5	I	0.255	0.185	0.023	0.088
40	8	F	0.58	0.45	0.29	1.137
41	9	F	0.57	0.44	0.234	0.803
42	12	M	0.7	0.575	0.638	2.273
43	9	M	0.645	0.51	0.317	1.33
44	7	M	0.485	0.385	0.133	0.556
45	8	M	0.58	0.45	0.2445	0.8275
46	8	I	0.475	0.36	0.19	0.6325
47	10	M	0.57	0.435	0.194	0.7535
48	12	F	0.57	0.465	0.44	1.295
49	6	M	0.26	0.2	0.03	0.096
50	8	F	0.51	0.385	0.17	0.632
51	10	M	0.425	0.34	0.125	0.388
52	7	I	0.435	0.345	0.125	0.4475
53	10	F	0.615	0.455	0.315	1.1155
54	10	F	0.655	0.525	0.394	1.348
55	8	M	0.535	0.43	0.2155	0.7165
56	10	M	0.515	0.405	0.21	0.722
57	7	I	0.395	0.31	0.0935	0.317
58	11	I	0.605	0.435	0.26	0.9025
59	10	M	0.7	0.525	0.47	1.7585
60	9	F	0.705	0.54	0.461	1.757
61	10	F	0.595	0.46	0.3085	1.0455
62	10	I	0.68	0.53	0.34	1.1095
63	15	M	0.585	0.405	0.325	1.2565
64	11	M	0.545	0.45	0.3	0.978
65	6	I	0.275	0.22	0.042	0.1365
66	10	F	0.635	0.5	0.35	1.2565
67	10	M	0.615	0.505	0.345	1.167
68	12	F	0.63	0.505	0.315	1.065
69	11	I	0.51	0.405	0.235	0.61
70	7	F	0.43	0.34	0.1405	0.391
71	6	I	0.58	0.435	0.2515	0.8915
72	11	M	0.72	0.545	0.4705	1.7475
73	13	M	0.6	0.485	0.38	1.2675
74	9	I	0.54	0.415	0.185	0.709
75	5	I	0.42	0.32	0.1	0.376
76	12	F	0.575	0.48	0.29	0.8745
77	9	M	0.61	0.47	0.2785	1.0325
78	13	M	0.615	0.48	0.325	1.1595
79	15	F	0.62	0.47	0.36	1.0325
80	7	I	0.37	0.275	0.07	0.2295
81	11	M	0.455	0.355	0.175	0.515
82	9	F	0.525	0.425	0.245	0.8355
83	6	I	0.47	0.35	0.1175	0.4315
84	15	F	0.56	0.435	0.33	1.106
85	11	F	0.58	0.44	0.195	0.7855
86	6	I	0.4	0.31	0.094	0.306
87	10	F	0.44	0.34	0.13	0.4195
88	9	M	0.525	0.405	0.201	0.7555
89	6	I	0.37	0.28	0.0635	0.221
90	8	M	0.61	0.48	0.264	1.1495
91	9	F	0.485	0.365	0.175	0.5885
92	11	M	0.645	0.51	0.345	1.1835
93	5	I	0.44	0.34	0.1015	0.369
94	8	M	0.65	0.5	0.32	1.238
95	9	M	0.595	0.47	0.3345	1.108
96	8	M	0.385	0.275	0.085	0.2685
97	10	F	0.6	0.475	0.3205	1.21
98	11	M	0.6	0.46	0.329	1.1805
99	11	F	0.71	0.55	0.45	1.614
100	8	I	0.5	0.36	0.1305	0.439
101	8	I	0.495	0.385	0.165	0.585
102	7	M	0.29	0.23	0.04	0.1165
103	14	M	0.66	0.51	0.3925	1.6375
104	10	M	0.66	0.515	0.3755	1.4465
105	7	I	0.41	0.305	0.1	0.3535
106	13	F	0.645	0.5	0.355	1.1845
107	7	F	0.475	0.365	0.1335	0.566
108	11	M	0.645	0.51	0.4545	1.403
109	8	I	0.53	0.395	0.148	0.475
110	10	F	0.51	0.4	0.195	0.7005
111	8	I	0.455	0.37	0.126	0.514
112	14	M	0.535	0.42	0.28	0.8055
113	12	F	0.38	0.305	0.09	0.281
114	10	M	0.66	0.495	0.485	1.6275
115	13	F	0.665	0.57	0.405	1.522
116	15	F	0.48	0.4	0.24	0.759
117	16	I	0.6	0.445	0.355	1.057
118	9	F	0.51	0.37	0.343	1.183
119	15	F	0.665	0.53	0.49	1.3955
120	13	F	0.655	0.5	0.405	1.359
121	10	M	0.36	0.295	0.1005	0.2765
122	8	I	0.485	0.375	0.157	0.5535
123	12	F	0.71	0.555	0.431	1.47
124	7	I	0.335	0.25	0.055	0.1825
125	12	F	0.595	0.465	0.31	1.107
126	8	M	0.52	0.415	0.255	0.753
127	10	M	0.635	0.515	0.3535	1.229
128	6	I	0.365	0.27	0.0655	0.2155
129	12	F	0.595	0.465	0.305	1.113
130	13	M	0.68	0.54	0.437	1.7885
131	8	I	0.45	0.355	0.14	0.4585
132	9	F	0.59	0.44	0.2925	1.007
133	10	M	0.65	0.485	0.3075	1.7395
134	8	I	0.5	0.39	0.173	0.5955
135	7	I	0.355	0.28	0.115	0.2905
136	12	F	0.58	0.44	0.245	0.854
137	10	F	0.675	0.53	0.389	1.4465
138	10	M	0.58	0.455	0.204	0.7955
139	9	M	0.43	0.31	0.184	0.6485
140	8	I	0.42	0.32	0.105	0.409
141	8	I	0.475	0.36	0.15	0.492
142	12	F	0.57	0.44	0.27	0.865
143	9	I	0.365	0.295	0.08	0.25
144	9	F	0.49	0.385	0.205	0.656
145	10	F	0.595	0.48	0.33	1.11
146	9	M	0.685	0.51	0.3725	1.4545
147	6	I	0.315	0.23	0.045	0.164
148	10	M	0.585	0.46	0.274	1.1135
149	6	I	0.35	0.25	0.054	0.18
150	17	F	0.53	0.43	0.235	0.775
151	12	I	0.485	0.355	0.168	0.581
152	11	I	0.63	0.505	0.315	1.272
153	11	F	0.49	0.37	0.185	0.541
154	12	M	0.61	0.485	0.345	1.2445
155	8	F	0.37	0.275	0.08	0.2225
156	11	M	0.665	0.515	0.371	1.6385
157	9	M	0.525	0.41	0.1765	0.6875
158	10	M	0.525	0.405	0.195	0.7575
159	6	I	0.4	0.31	0.087	0.314
160	21	M	0.64	0.51	0.57	1.368
161	6	F	0.66	0.475	0.335	1.3695
162	11	F	0.49	0.375	0.22	0.6125
163	15	F	0.62	0.47	0.36	1.115
164	16	M	0.66	0.545	0.455	1.32
165	12	F	0.595	0.455	0.3	1.0605
166	15	F	0.67	0.545	0.495	1.5415
167	9	I	0.475	0.34	0.1465	0.4535
168	8	I	0.455	0.375	0.185	0.533
169	4	I	0.3	0.235	0.043	0.131
170	8	I	0.315	0.245	0.05	0.1435
171	11	M	0.33	0.245	0.055	0.171
172	9	M	0.595	0.46	0.227	0.852
173	8	I	0.45	0.34	0.12	0.4385
174	13	M	0.575	0.47	0.4	1.1415
175	13	M	0.575	0.455	0.295	1.156
176	9	M	0.62	0.49	0.355	1.195
177	10	M	0.625	0.52	0.3465	1.4105
178	6	I	0.41	0.325	0.106	0.3245
179	8	I	0.41	0.3	0.0955	0.304
180	9	M	0.38	0.29	0.085	0.283
181	11	M	0.48	0.375	0.172	0.5895
182	11	M	0.42	0.34	0.144	0.4495
183	13	F	0.705	0.545	0.4645	1.5395
184	6	I	0.39	0.3	0.085	0.3085
185	9	I	0.32	0.25	0.06	0.1565
186	8	I	0.45	0.365	0.1315	0.462
187	5	M	0.2	0.14	0.01	0.035
188	12	F	0.59	0.465	0.34	0.997
189	10	M	0.625	0.48	0.3385	1.3555
190	10	F	0.645	0.535	0.424	1.2395
191	6	I	0.455	0.335	0.1	0.422
192	12	M	0.665	0.515	0.436	1.2695
193	9	F	0.67	0.505	0.353	1.3645
194	9	I	0.5	0.395	0.195	0.6215
195	10	F	0.455	0.35	0.135	0.5185
196	10	M	0.695	0.53	0.385	1.51
197	4	I	0.21	0.15	0.013	0.0455
198	8	F	0.44	0.34	0.135	0.3975
199	8	F	0.58	0.445	0.2425	0.888
200	10	I	0.57	0.45	0.2215	0.751
201	11	I	0.55	0.445	0.265	0.783
202	8	I	0.435	0.325	0.1125	0.3995
203	11	F	0.73	0.56	0.5655	1.9425
204	18	M	0.66	0.505	0.61	1.6305
205	8	I	0.475	0.36	0.125	0.4905
206	11	F	0.595	0.465	0.289	1.0255
207	20	F	0.585	0.47	0.358	1.099
208	8	M	0.255	0.195	0.027	0.08
209	11	M	0.6	0.46	0.269	0.6655
210	11	F	0.72	0.565	0.3875	1.719
211	6	I	0.4	0.3	0.0935	0.318
212	10	F	0.575	0.47	0.34	1.116
213	7	M	0.285	0.21	0.04	0.1185
214	9	M	0.625	0.455	0.315	1.082
215	8	F	0.575	0.425	0.228	0.8765
216	6	I	0.35	0.25	0.041	0.1695
217	8	I	0.525	0.38	0.175	0.615
218	9	M	0.5	0.405	0.205	0.6155
219	13	F	0.5	0.4	0.295	0.8085
220	11	M	0.67	0.54	0.3315	1.217
221	7	I	0.455	0.35	0.1115	0.4445
222	10	M	0.57	0.47	0.277	1.186
223	12	F	0.47	0.355	0.152	0.433
224	9	M	0.455	0.35	0.135	0.401
225	8	I	0.515	0.395	0.17	0.6635
226	11	F	0.665	0.505	0.32	1.2915
227	12	F	0.635	0.51	0.4105	1.286
228	10	F	0.47	0.355	0.185	0.4755
229	10	M	0.715	0.525	0.4305	1.89
230	12	F	0.65	0.565	0.43	1.6645
231	13	F	0.695	0.525	0.4525	1.8185
232	10	M	0.55	0.425	0.2165	0.8315
233	9	I	0.525	0.4	0.175	0.6095
234	10	F	0.61	0.465	0.28	1.0725
235	4	I	0.255	0.18	0.02	0.083
236	10	M	0.595	0.46	0.265	1.1295
237	10	F	0.71	0.5	0.28	1.3165
238	11	M	0.59	0.44	0.295	0.9555
239	11	M	0.62	0.5	0.332	1.3915
240	10	F	0.65	0.535	0.344	1.2895
241	9	M	0.505	0.405	0.175	0.625
242	11	F	0.6	0.465	0.28	1.04
243	9	I	0.56	0.455	0.235	0.974
244	15	M	0.535	0.42	0.225	0.72
245	17	F	0.62	0.485	0.51	1.511
246	9	I	0.565	0.435	0.255	0.8445
247	6	F	0.445	0.335	0.1195	0.4355
248	18	F	0.575	0.45	0.385	1.0475
249	11	M	0.455	0.35	0.16	0.4835
250	12	F	0.5	0.405	0.185	0.5965
251	6	I	0.385	0.28	0.085	0.244
252	8	I	0.49	0.375	0.1765	0.557
253	9	I	0.535	0.455	0.244	1.0015
254	12	M	0.63	0.47	0.3115	1.1355
255	10	I	0.55	0.405	0.21	0.6755
256	17	I	0.55	0.44	0.3	0.8605
257	7	I	0.36	0.275	0.066	0.2205
258	11	M	0.635	0.495	0.31	1.081
259	19	F	0.6	0.475	0.425	1.1805
260	8	I	0.47	0.375	0.135	0.487
261	18	I	0.495	0.37	0.169	0.4775
262	11	F	0.625	0.47	0.265	0.984
263	8	I	0.475	0.355	0.1435	0.4775
264	12	F	0.61	0.47	0.32	1.017
265	8	M	0.465	0.355	0.125	0.4795
266	13	I	0.51	0.4	0.235	0.745
267	9	I	0.515	0.4	0.1855	0.636
268	12	M	0.47	0.37	0.17	0.547
269	9	I	0.475	0.365	0.172	0.5465
270	8	M	0.455	0.35	0.1305	0.458
271	10	F	0.615	0.5	0.355	1.327
272	8	M	0.52	0.38	0.175	0.5825
273	19	F	0.58	0.44	0.335	1.073
274	10	I	0.59	0.45	0.265	1.022
275	8	I	0.57	0.45	0.245	0.794
276	10	M	0.63	0.525	0.465	1.3135
277	18	F	0.5	0.405	0.25	0.6735
278	15	I	0.52	0.405	0.205	0.6765
279	8	I	0.555	0.43	0.2095	0.7005
280	12	M	0.67	0.505	0.308	1.2585
281	11	I	0.52	0.41	0.196	0.6625
282	8	F	0.45	0.365	0.1325	0.5885
283	10	M	0.58	0.46	0.305	1.049
284	12	F	0.66	0.5	0.335	1.3765
285	8	F	0.4	0.325	0.095	0.3185
286	9	M	0.57	0.455	0.2745	0.952
287	7	I	0.425	0.31	0.093	0.3075
288	10	I	0.47	0.375	0.17	0.468
289	9	M	0.615	0.51	0.32	1.296
290	10	F	0.72	0.55	0.5215	1.9965
291	11	M	0.655	0.52	0.355	1.492
292	7	I	0.38	0.3	0.09	0.286
293	9	F	0.625	0.5	0.374	1.273
294	6	I	0.375	0.26	0.07	0.2075
295	9	M	0.57	0.44	0.283	0.9415
296	16	I	0.56	0.445	0.275	0.8735
297	19	M	0.525	0.395	0.285	0.782
298	19	F	0.59	0.45	0.315	0.9
299	11	M	0.61	0.47	0.3085	1.1625
300	9	I	0.565	0.44	0.2475	0.768
301	12	M	0.625	0.5	0.3705	1.3705
302	9	I	0.525	0.4	0.164	0.6965
303	8	M	0.535	0.415	0.2365	0.78
304	9	M	0.345	0.27	0.059	0.195
305	9	M	0.605	0.475	0.274	1.1175
306	8	F	0.58	0.48	0.371	1.2495
307	6	I	0.19	0.13	0.01	0.0295
308	9	M	0.395	0.305	0.096	0.282
309	6	I	0.415	0.31	0.0975	0.2805
310	12	F	0.64	0.52	0.48	1.248
311	10	M	0.29	0.225	0.045	0.1295
312	11	F	0.44	0.355	0.131	0.415
313	8	I	0.395	0.3	0.075	0.279
314	10	F	0.575	0.48	0.31	1.1
315	9	M	0.63	0.47	0.276	1.1005
316	9	F	0.585	0.46	0.294	1.058
317	12	F	0.525	0.43	0.1775	0.813
318	6	I	0.375	0.28	0.065	0.226
319	8	I	0.545	0.435	0.227	0.7715
320	11	F	0.625	0.49	0.411	1.2085
321	9	F	0.545	0.41	0.22	0.6765
322	3	I	0.13	0.1	0.004	0.013
323	7	I	0.37	0.28	0.08	0.2655
324	7	F	0.58	0.46	0.29	1.1155
325	14	F	0.73	0.55	0.5965	1.908
326	8	F	0.47	0.36	0.1385	0.4705
327	10	M	0.595	0.45	0.2535	0.959
328	8	I	0.405	0.31	0.0855	0.3425
329	12	M	0.55	0.41	0.275	0.785
330	13	F	0.58	0.455	0.285	0.9075
331	15	M	0.605	0.47	0.31	1.114
332	8	I	0.555	0.425	0.2105	0.648
333	11	M	0.525	0.4	0.195	0.7305
334	11	F	0.72	0.59	0.48	1.7495
335	9	F	0.615	0.475	0.32	0.9525
336	9	F	0.585	0.46	0.29	0.9325
337	7	I	0.32	0.235	0.042	0.183
338	13	M	0.555	0.43	0.275	0.7575
339	11	F	0.69	0.535	0.499	1.826
340	11	F	0.59	0.475	0.28	0.9715
341	16	F	0.6	0.48	0.295	1.029
342	11	F	0.71	0.56	0.4525	1.652
343	23	F	0.62	0.52	0.395	1.1835
344	11	M	0.72	0.565	0.503	2.081
345	9	M	0.4	0.29	0.075	0.2795
346	10	M	0.56	0.425	0.2645	0.849
347	8	I	0.41	0.3	0.075	0.28
348	10	I	0.5	0.385	0.16	0.6265
349	7	I	0.385	0.3	0.081	0.343
350	13	F	0.52	0.425	0.24	0.7
351	11	M	0.57	0.46	0.265	1.0005
352	9	M	0.41	0.315	0.09	0.306
353	10	M	0.485	0.37	0.175	0.5725
354	9	F	0.605	0.475	0.335	1.076
355	11	F	0.46	0.38	0.16	0.639
356	4	I	0.2	0.145	0.011	0.036
357	9	F	0.445	0.33	0.123	0.4525
358	11	I	0.605	0.485	0.33	1.238
359	9	I	0.53	0.405	0.19	0.6615
360	10	M	0.69	0.505	0.48	1.872
361	6	I	0.465	0.345	0.109	0.4015
362	6	F	0.345	0.25	0.055	0.203
363	11	M	0.575	0.455	0.295	1.013
364	7	I	0.425	0.325	0.1045	0.3685
365	8	I	0.52	0.4	0.16	0.597
366	11	M	0.635	0.495	0.3475	1.172
367	8	I	0.545	0.42	0.22	0.717
368	12	I	0.435	0.335	0.135	0.383
369	14	M	0.645	0.5	0.3845	1.5595
370	7	I	0.45	0.36	0.137	0.478
371	8	M	0.6	0.41	0.268	0.939
372	9	M	0.635	0.5	0.37	1.2915
373	8	F	0.5	0.4	0.22	0.6615
374	10	M	0.64	0.51	0.409	1.3715
375	13	F	0.53	0.425	0.255	0.717
376	11	F	0.52	0.405	0.181	0.627
377	15	M	0.66	0.53	0.453	1.3905
378	9	M	0.59	0.47	0.2595	1.1735
379	10	I	0.57	0.43	0.2815	0.833
380	8	I	0.485	0.375	0.149	0.464
381	10	M	0.58	0.44	0.2795	1.0465
382	15	M	0.62	0.495	0.5195	1.5145
383	8	I	0.505	0.4	0.17	0.5605
384	17	M	0.565	0.425	0.275	0.9425
385	10	I	0.6	0.475	0.27	1.12
386	8	I	0.56	0.42	0.2	0.837
387	14	M	0.57	0.45	0.355	0.91
388	14	M	0.43	0.33	0.112	0.34
389	8	M	0.575	0.45	0.23	0.9655
390	11	I	0.555	0.46	0.2765	0.9005
391	9	F	0.51	0.39	0.2	0.6335
392	9	M	0.635	0.5	0.387	1.154
393	10	M	0.615	0.495	0.3885	1.219
394	9	F	0.565	0.44	0.238	0.83
395	7	M	0.28	0.21	0.0345	0.1085
396	19	F	0.505	0.425	0.285	0.85
397	10	F	0.6	0.48	0.3135	1.056
398	9	F	0.49	0.375	0.19	0.5755
399	8	I	0.515	0.4	0.1785	0.7165
400	15	M	0.59	0.5	0.34	1.1045
401	8	I	0.45	0.33	0.1245	0.365
402	6	I	0.31	0.24	0.083	0.2885
403	15	F	0.53	0.415	0.245	0.783
404	11	M	0.62	0.49	0.285	1.035
405	7	I	0.46	0.355	0.13	0.4255
406	12	F	0.67	0.525	0.407	1.37
407	7	I	0.43	0.32	0.1	0.3855
408	18	F	0.745	0.585	0.5855	1.966
409	14	M	0.585	0.45	0.315	1.047
410	7	I	0.405	0.305	0.095	0.2825
411	8	F	0.44	0.34	0.1175	0.364
412	11	F	0.58	0.45	0.285	0.9955
413	10	I	0.54	0.415	0.19	0.702
414	10	F	0.67	0.585	0.413	1.309
415	15	F	0.64	0.54	0.39	1.221
416	12	I	0.57	0.445	0.1825	0.7405
417	8	I	0.385	0.3	0.0835	0.308
418	8	I	0.43	0.34	0.12	0.3405
419	12	F	0.565	0.44	0.27	0.9395
420	12	M	0.63	0.49	0.354	1.09
421	12	F	0.645	0.485	0.293	1.151
422	6	I	0.36	0.27	0.065	0.219
423	10	I	0.47	0.375	0.145	0.441
424	9	M	0.555	0.425	0.1965	0.873
425	12	F	0.5	0.385	0.195	0.6785
426	9	I	0.625	0.485	0.278	1.044
427	9	F	0.62	0.475	0.277	0.9545
428	10	M	0.625	0.5	0.295	1.096
429	13	M	0.54	0.415	0.24	0.8245
430	9	F	0.64	0.5	0.315	1.2645
431	6	I	0.32	0.235	0.045	0.1485
432	9	F	0.61	0.495	0.317	1.0835
433	12	F	0.48	0.39	0.2	0.6905
434	16	F	0.65	0.515	0.425	1.498
435	11	F	0.66	0.525	0.422	1.463
436	14	F	0.58	0.45	0.395	1.071
437	9	M	0.575	0.445	0.22	0.847
438	6	I	0.32	0.225	0.0405	0.1415
439	12	F	0.61	0.49	0.344	1.137
440	13	F	0.45	0.36	0.17	0.4995
441	12	F	0.625	0.48	0.3185	1.2035
442	5	I	0.29	0.215	0.032	0.1115
443	9	I	0.6	0.445	0.253	0.9205
444	8	I	0.455	0.34	0.1315	0.486
445	10	M	0.66	0.525	0.421	1.489
446	10	I	0.4	0.31	0.095	0.2875
447	9	M	0.575	0.475	0.269	0.857
448	7	M	0.525	0.415	0.202	0.7945
449	12	F	0.475	0.375	0.1945	0.559
450	6	I	0.375	0.29	0.08	0.2875
451	13	F	0.645	0.525	0.505	1.449
452	8	I	0.545	0.405	0.185	0.5945
453	8	I	0.485	0.365	0.151	0.426
454	7	I	0.435	0.335	0.11	0.3295
455	20	F	0.53	0.415	0.33	0.7775
456	8	F	0.515	0.4	0.1765	0.615
457	8	I	0.41	0.325	0.101	0.326
458	10	F	0.47	0.36	0.15	0.4775
459	11	I	0.575	0.45	0.239	0.8245
460	11	M	0.77	0.605	0.355	2.0505
461	18	M	0.64	0.505	0.39	1.4435
462	4	I	0.245	0.205	0.0215	0.0765
463	7	M	0.565	0.415	0.185	0.667
464	9	F	0.57	0.45	0.209	0.9645
465	5	I	0.28	0.2	0.035	0.1225
466	13	F	0.59	0.485	0.42	1.2315
467	11	F	0.6	0.465	0.298	1.133
468	10	M	0.54	0.415	0.255	0.879
469	10	F	0.555	0.44	0.2735	0.846
470	13	M	0.35	0.255	0.06	0.2145
471	10	F	0.615	0.475	0.2895	1.004
472	11	M	0.49	0.38	0.19	0.5415
473	8	I	0.51	0.395	0.167	0.5395
474	7	M	0.48	0.37	0.161	0.6315
475	16	M	0.44	0.35	0.184	0.451
476	9	M	0.575	0.45	0.2365	0.9215
477	7	I	0.435	0.335	0.1	0.411
478	10	M	0.59	0.475	0.275	0.977
479	8	M	0.545	0.45	0.216	0.7805
480	11	F	0.49	0.385	0.165	0.5395
481	13	F	0.535	0.4	0.21	0.8045
482	7	I	0.385	0.28	0.07	0.257
483	11	M	0.67	0.535	0.508	1.669
484	20	M	0.655	0.525	0.445	1.259
485	10	F	0.615	0.475	0.355	1.115
486	6	I	0.275	0.205	0.035	0.1105
487	13	F	0.49	0.39	0.2	0.5785
488	7	M	0.515	0.39	0.155	0.7125
489	8	F	0.55	0.43	0.283	0.923
490	13	M	0.74	0.605	0.5235	2.4925
491	12	I	0.47	0.37	0.155	0.4705
492	10	M	0.555	0.405	0.389	1.406
493	4	I	0.3	0.215	0.042	0.1185
494	11	F	0.55	0.43	0.233	0.785
495	11	M	0.675	0.505	0.3815	1.532
496	10	M	0.535	0.43	0.245	0.7845
497	9	M	0.475	0.37	0.15	0.537
498	10	M	0.53	0.42	0.1825	0.675
499	10	M	0.58	0.45	0.263	0.824
500	9	M	0.725	0.55	0.5085	1.51
501	8	I	0.525	0.4	0.18	0.6275
502	8	I	0.545	0.405	0.174	0.658
503	9	I	0.525	0.39	0.178	0.664
504	8	M	0.61	0.485	0.2415	1.0145
505	7	I	0.44	0.34	0.103	0.407
506	16	M	0.565	0.455	0.375	0.9265
507	11	M	0.585	0.45	0.335	1.1275
508	8	I	0.35	0.28	0.064	0.196
509	7	I	0.53	0.42	0.177	0.5965
510	5	I	0.24	0.175	0.021	0.0705
511	9	M	0.44	0.375	0.155	0.487
512	10	M	0.575	0.445	0.27	0.876
513	9	I	0.67	0.485	0.386	1.2565
514	11	M	0.64	0.505	0.363	1.297
515	4	I	0.16	0.12	0.005	0.018
516	16	M	0.525	0.43	0.2515	0.8645
517	12	F	0.505	0.375	0.17	0.568
518	11	F	0.52	0.405	0.215	0.6915
519	7	I	0.41	0.335	0.105	0.3305
520	16	I	0.45	0.35	0.1275	0.474
521	5	I	0.27	0.195	0.0285	0.1065
522	13	F	0.405	0.31	0.095	0.3095
523	20	F	0.63	0.5	0.4	1.3135
524	14	M	0.48	0.38	0.16	0.528
525	10	F	0.62	0.48	0.324	1.0125
526	10	M	0.68	0.54	0.384	1.534
527	11	M	0.615	0.475	0.37	1.337
528	9	M	0.425	0.35	0.165	0.393
529	8	M	0.47	0.375	0.169	0.5805
530	16	F	0.65	0.545	0.815	1.752
531	7	F	0.555	0.425	0.24	0.963
532	12	I	0.415	0.325	0.106	0.3285
533	10	M	0.65	0.515	0.4	1.466
534	10	I	0.355	0.27	0.075	0.216
535	8	M	0.505	0.365	0.15	0.521
536	13	F	0.475	0.375	0.175	0.501
537	5	I	0.395	0.3	0.077	0.2855
538	4	I	0.275	0.2	0.026	0.0925
539	13	F	0.485	0.375	0.19	0.5885
540	12	M	0.715	0.52	0.445	1.6
541	13	F	0.46	0.355	0.13	0.458
542	8	I	0.56	0.44	0.2	0.7235
543	8	F	0.49	0.355	0.2825	0.8795
544	5	I	0.305	0.22	0.037	0.141
545	8	I	0.42	0.31	0.085	0.2865
546	9	M	0.445	0.34	0.13	0.4475
547	11	F	0.555	0.425	0.285	0.788
548	15	M	0.65	0.545	0.48	1.2425
549	6	I	0.325	0.24	0.043	0.1525
550	16	M	0.565	0.465	0.33	1.1285
551	9	I	0.46	0.36	0.16	0.447
552	15	F	0.525	0.425	0.24	0.7995
553	8	I	0.5	0.375	0.16	0.529
554	5	F	0.37	0.275	0.07	0.2405
555	8	I	0.47	0.345	0.125	0.3685
556	12	F	0.645	0.51	0.4675	1.6195
557	18	F	0.655	0.5	0.445	1.4155
558	9	F	0.605	0.455	0.275	0.9775
559	12	M	0.665	0.525	0.4	1.429
560	9	M	0.355	0.29	0.09	0.3275
561	10	M	0.61	0.475	0.266	0.983
562	9	F	0.56	0.44	0.259	0.8025
563	11	F	0.625	0.49	0.381	1.3825
564	7	F	0.385	0.305	0.1	0.3315
565	16	F	0.625	0.525	0.665	1.5765
566	10	M	0.645	0.53	0.3735	1.39
567	9	M	0.58	0.46	0.265	1.0165
568	10	F	0.415	0.305	0.1	0.3605
569	11	M	0.64	0.505	0.346	1.1955
570	18	F	0.565	0.455	0.26	0.8205
571	8	F	0.425	0.33	0.1355	0.406
572	8	F	0.4	0.3	0.0935	0.3025
573	15	I	0.465	0.36	0.14	0.498
574	7	I	0.39	0.295	0.08	0.279
575	10	M	0.61	0.49	0.341	1.112
576	9	M	0.575	0.48	0.2505	0.9465
577	14	M	0.73	0.585	0.563	2.2305
578	7	I	0.31	0.215	0.036	0.1275
579	7	I	0.41	0.3	0.0875	0.282
580	12	F	0.57	0.45	0.26	0.9715
581	10	M	0.55	0.44	0.265	0.879
582	8	F	0.5	0.38	0.1785	0.6355
583	10	F	0.595	0.465	0.2425	0.7955
584	9	I	0.555	0.43	0.247	0.783
585	19	F	0.605	0.485	0.3	1.0105
586	6	I	0.38	0.28	0.085	0.2735
587	5	I	0.3	0.22	0.035	0.121
588	7	I	0.48	0.36	0.147	0.542
589	12	F	0.635	0.5	0.39	1.477
590	7	I	0.46	0.35	0.1205	0.4
591	16	F	0.65	0.545	0.415	1.566
592	9	F	0.575	0.46	0.249	1.103
593	6	M	0.31	0.22	0.045	0.146
594	18	I	0.58	0.49	0.41	1.3165
595	11	M	0.5	0.39	0.22	0.651
596	9	M	0.49	0.395	0.185	0.674
597	4	I	0.255	0.185	0.02	0.074
598	11	M	0.67	0.545	0.41	1.7025
599	8	M	0.475	0.37	0.142	0.649
600	9	F	0.6	0.485	0.288	1.1405
601	14	F	0.62	0.48	0.355	1.0935
602	11	M	0.555	0.45	0.285	0.915
603	8	M	0.5	0.4	0.211	0.7715
604	9	I	0.53	0.415	0.167	0.694
605	8	M	0.52	0.4	0.149	0.559
606	9	I	0.485	0.39	0.12	0.591
607	13	F	0.595	0.495	0.52	1.366
608	9	M	0.34	0.255	0.07	0.213
609	9	F	0.65	0.5	0.341	1.4415
610	6	M	0.355	0.26	0.055	0.1905
611	10	M	0.66	0.52	0.4	1.558
612	10	I	0.555	0.43	0.28	0.7395
613	10	M	0.585	0.48	0.285	1.04
614	8	F	0.48	0.365	0.175	0.6395
615	6	I	0.355	0.27	0.054	0.1775
616	13	I	0.515	0.4	0.17	0.659
617	17	M	0.63	0.51	0.57	1.539
618	6	I	0.415	0.315	0.093	0.3625
619	13	M	0.62	0.515	0.395	1.221
620	10	I	0.515	0.42	0.235	0.6725
621	12	F	0.565	0.45	0.37	0.9765
622	11	F	0.545	0.43	0.28	0.802
623	12	M	0.69	0.53	0.3865	1.583
624	11	M	0.56	0.455	0.2425	0.797
625	16	F	0.535	0.405	0.345	0.927
626	7	I	0.31	0.24	0.045	0.1455
627	8	F	0.46	0.425	0.24	0.746
628	4	I	0.175	0.125	0.009	0.028
629	5	I	0.315	0.23	0.0445	0.1375
630	9	M	0.645	0.485	0.33	1.2215
631	9	M	0.6	0.45	0.24	0.877
632	6	I	0.28	0.21	0.03	0.1195
633	5	I	0.29	0.21	0.035	0.1045
634	12	M	0.72	0.6	0.621	2.2385
635	6	I	0.37	0.28	0.0645	0.2565
636	8	I	0.27	0.195	0.034	0.102
637	9	M	0.64	0.49	0.34	1.1285
638	8	I	0.51	0.4	0.204	0.5935
639	12	F	0.69	0.525	0.42	1.492
640	9	I	0.475	0.375	0.16	0.456
641	8	M	0.61	0.49	0.265	1.146
642	9	F	0.725	0.58	0.4375	1.523
643	11	M	0.56	0.435	0.25	0.889
644	7	I	0.405	0.305	0.085	0.268
645	12	M	0.495	0.38	0.215	0.6295
646	11	M	0.62	0.48	0.3175	1.2555
647	9	F	0.475	0.36	0.14	0.447
648	8	I	0.475	0.375	0.1545	0.494
649	9	M	0.45	0.355	0.145	0.3955
650	4	I	0.24	0.185	0.02	0.0655
651	9	F	0.65	0.5	0.4245	1.464
652	10	I	0.605	0.49	0.352	1.071
653	8	I	0.425	0.325	0.1065	0.405
654	9	F	0.53	0.395	0.161	0.5685
655	11	F	0.675	0.51	0.386	1.1965
656	23	M	0.515	0.4	0.3	0.8175
657	12	I	0.375	0.28	0.0725	0.2565
658	10	M	0.64	0.495	0.285	1.139
659	12	M	0.505	0.4	0.285	0.8415
660	14	F	0.55	0.435	0.28	0.884
661	9	I	0.53	0.425	0.215	0.781
662	4	M	0.245	0.18	0.02	0.0635
663	15	I	0.62	0.485	0.33	1.208
664	15	M	0.565	0.465	0.37	0.995
665	9	F	0.47	0.365	0.15	0.543
666	12	F	0.565	0.44	0.32	0.915
667	15	F	0.645	0.5	0.41	1.626
668	11	F	0.675	0.51	0.4245	1.473
669	9	F	0.5	0.37	0.155	0.45
670	7	F	0.55	0.425	0.2185	0.952
671	7	I	0.285	0.225	0.035	0.1005
672	7	M	0.38	0.235	0.08	0.258
673	13	I	0.425	0.345	0.154	0.425
674	10	M	0.635	0.495	0.295	1.3635
675	9	F	0.62	0.48	0.3	1.0405
676	7	I	0.515	0.38	0.16	0.625
677	11	M	0.71	0.57	0.4535	1.348
678	18	M	0.52	0.435	0.355	0.973
679	10	M	0.63	0.485	0.3	1.243
680	13	M	0.74	0.535	0.335	1.65
681	7	I	0.41	0.315	0.11	0.2805
682	10	M	0.585	0.465	0.274	0.885
683	12	F	0.68	0.5	0.4685	1.741
684	11	M	0.67	0.525	0.4005	1.6085
685	10	I	0.56	0.425	0.26	0.9175
686	8	M	0.36	0.295	0.095	0.241
687	14	I	0.61	0.475	0.32	1.0385
688	10	F	0.395	0.295	0.08	0.2245
689	14	F	0.57	0.45	0.295	0.903
690	11	F	0.615	0.525	0.345	1.0385
691	10	I	0.54	0.42	0.1895	0.6665
692	8	F	0.64	0.51	0.321	1.486
693	7	I	0.5	0.375	0.157	0.5695
694	7	I	0.395	0.29	0.082	0.319
695	11	M	0.63	0.505	0.325	1.105
696	10	M	0.57	0.45	0.2845	0.95
697	6	M	0.38	0.27	0.07	0.219
698	9	M	0.51	0.405	0.17	0.7175
699	12	F	0.49	0.39	0.1845	0.59
700	5	I	0.275	0.205	0.0315	0.1055
701	10	F	0.57	0.47	0.2315	0.871
702	15	F	0.675	0.55	0.6	1.6885
703	4	M	0.235	0.16	0.015	0.0545
704	8	M	0.58	0.455	0.265	1.114
705	13	F	0.605	0.485	0.28	1.222
706	14	M	0.575	0.455	0.3	1.165
707	9	F	0.605	0.475	0.357	1.056
708	9	M	0.61	0.485	0.33	1.281
709	11	F	0.47	0.375	0.13	0.513
710	6	I	0.47	0.38	0.142	0.4845
711	10	F	0.575	0.45	0.2575	1.068
712	11	F	0.585	0.46	0.2515	1.0035
713	8	I	0.32	0.255	0.057	0.1745
714	23	F	0.55	0.415	0.26	0.775
715	16	M	0.725	0.565	0.58	1.891
716	11	F	0.505	0.405	0.18	0.606
717	6	I	0.55	0.45	0.23	0.804
718	11	I	0.355	0.28	0.085	0.2275
719	12	F	0.45	0.36	0.13	0.447
720	9	M	0.5	0.4	0.166	0.5975
721	12	M	0.59	0.445	0.28	0.931
722	10	M	0.63	0.495	0.4695	1.31
723	8	M	0.55	0.385	0.19	0.7275
724	11	F	0.585	0.455	0.2845	0.9945
725	13	I	0.615	0.46	0.33	1.066
726	12	F	0.415	0.325	0.12	0.38
727	9	M	0.335	0.265	0.07	0.1975
728	11	M	0.625	0.49	0.3325	1.1165
729	9	F	0.55	0.47	0.29	0.897
730	8	I	0.355	0.275	0.15	0.22
731	10	F	0.375	0.29	0.0885	0.2705
732	8	M	0.48	0.37	0.135	0.5135
733	11	F	0.635	0.485	0.406	1.3765
734	9	M	0.6	0.51	0.315	1.285
735	9	M	0.555	0.435	0.2385	0.9685
736	10	F	0.63	0.48	0.3885	1.2615
737	10	F	0.545	0.41	0.205	0.654
738	8	I	0.515	0.395	0.17	0.556
739	8	I	0.325	0.2	0.032	0.0995
740	13	M	0.57	0.415	0.238	0.88
741	11	I	0.42	0.325	0.1135	0.368
742	13	I	0.62	0.485	0.39	1.1785
743	5	I	0.265	0.21	0.03	0.0965
744	4	I	0.225	0.16	0.015	0.0465
745	11	M	0.505	0.39	0.19	0.6555
746	10	M	0.62	0.48	0.305	1.1015
747	4	I	0.26	0.205	0.0305	0.097
748	8	I	0.47	0.355	0.155	0.499
749	13	M	0.49	0.39	0.18	0.707
750	11	F	0.58	0.465	0.25	0.9865
751	10	M	0.705	0.565	0.512	2.21
752	4	I	0.185	0.13	0.0095	0.029
753	6	I	0.3	0.23	0.0415	0.117
754	10	F	0.545	0.435	0.225	0.6855
755	10	I	0.55	0.425	0.236	0.89
756	10	F	0.57	0.445	0.265	1.017
757	9	M	0.62	0.485	0.2825	1.1325
758	6	I	0.44	0.325	0.11	0.4165
759	16	M	0.65	0.52	0.4465	1.3445
760	8	I	0.43	0.34	0.115	0.428
761	17	F	0.54	0.44	0.3	0.959
762	12	M	0.665	0.52	0.395	1.3725
763	11	F	0.495	0.375	0.178	0.597
764	5	I	0.335	0.255	0.05	0.168
765	10	M	0.475	0.37	0.185	0.655
766	7	I	0.37	0.28	0.0795	0.2865
767	10	F	0.38	0.325	0.105	0.3105
768	12	M	0.505	0.385	0.215	0.6415
769	11	M	0.59	0.465	0.275	1.136
770	9	F	0.37	0.29	0.075	0.25
771	4	I	0.23	0.165	0.036	0.0515
772	14	M	0.49	0.395	0.215	0.5545
773	15	M	0.57	0.43	0.31	1.0615
774	10	M	0.46	0.365	0.158	0.467
775	12	M	0.6	0.475	0.335	1.164
776	20	M	0.615	0.525	0.37	1.1375
777	8	I	0.48	0.355	0.184	0.5785
778	9	F	0.545	0.4	0.18	0.778
779	5	I	0.385	0.3	0.0675	0.247
780	17	M	0.73	0.595	0.897	2.8255
781	12	F	0.66	0.53	0.49	1.3485
782	10	F	0.64	0.515	0.41	1.3115
783	17	M	0.655	0.58	0.601	2.0805
784	7	I	0.495	0.33	0.15	0.44
785	9	M	0.55	0.425	0.215	0.793
786	11	F	0.7	0.56	0.398	1.6605
787	9	M	0.615	0.53	0.286	1.12
788	14	M	0.515	0.38	0.31	0.9565
789	6	I	0.365	0.27	0.07	0.2215
790	11	F	0.655	0.455	0.3415	1.2895
791	9	M	0.44	0.335	0.122	0.394
792	8	I	0.52	0.38	0.157	0.5395
793	10	M	0.575	0.46	0.22	0.892
794	9	F	0.545	0.43	0.201	0.832
795	7	M	0.335	0.265	0.075	0.222
796	8	M	0.37	0.28	0.074	0.252
797	9	M	0.505	0.41	0.155	0.642
798	8	M	0.475	0.385	0.153	0.562
799	10	M	0.67	0.52	0.374	1.4755
800	5	I	0.27	0.195	0.03	0.073
801	13	F	0.585	0.465	0.315	0.908
802	8	I	0.395	0.295	0.085	0.2725
803	9	F	0.655	0.51	0.305	1.043
804	9	F	0.54	0.415	0.2035	0.8115
805	8	I	0.425	0.32	0.0725	0.262
806	9	M	0.46	0.35	0.185	0.5165
807	11	I	0.47	0.35	0.1525	0.567
808	8	I	0.505	0.355	0.185	0.601
809	8	M	0.575	0.455	0.268	0.867
810	10	F	0.58	0.5	0.3005	0.925
811	15	F	0.605	0.475	0.27	1.0185
812	8	I	0.475	0.42	0.1845	0.7095
813	5	I	0.34	0.25	0.045	0.1785
814	10	M	0.62	0.51	0.39	1.2815
815	10	I	0.37	0.29	0.085	0.25
816	9	M	0.725	0.57	0.52	2.3305
817	10	M	0.475	0.375	0.185	0.563
818	7	I	0.33	0.23	0.046	0.14
819	8	M	0.6	0.455	0.24	1.1915
820	10	F	0.58	0.46	0.32	1.017
821	13	F	0.585	0.42	0.2875	0.9845
822	6	I	0.375	0.275	0.07	0.238
823	6	I	0.42	0.305	0.082	0.328
824	18	F	0.635	0.5	0.485	1.312
825	7	I	0.485	0.385	0.154	0.568
826	9	I	0.605	0.47	0.22	0.8025
827	10	M	0.595	0.475	0.278	1.0305
828	9	M	0.57	0.45	0.25	1.02
829	13	F	0.53	0.435	0.275	0.8155
830	10	I	0.55	0.43	0.225	0.712
831	8	I	0.48	0.35	0.158	0.5465
832	4	I	0.21	0.15	0.015	0.042
833	14	M	0.705	0.56	0.76	1.981
834	8	M	0.56	0.42	0.2315	0.8755
835	8	I	0.475	0.36	0.125	0.4355
836	7	I	0.46	0.36	0.115	0.4635
837	6	I	0.34	0.26	0.055	0.179
838	9	M	0.585	0.47	0.265	0.9565
839	10	F	0.515	0.415	0.2	0.6935
840	11	M	0.64	0.575	0.4395	1.4585
841	8	I	0.495	0.375	0.191	0.494
842	13	M	0.525	0.41	0.25	0.8005
843	10	I	0.515	0.375	0.2215	0.6505
844	7	I	0.335	0.25	0.0445	0.186
845	9	F	0.55	0.405	0.2	0.651
846	9	F	0.625	0.485	0.3485	1.254
847	9	F	0.56	0.455	0.275	0.714
848	21	F	0.67	0.535	0.47	1.597
849	12	M	0.62	0.495	0.355	1.2555
850	9	I	0.36	0.28	0.08	0.199
851	10	I	0.415	0.31	0.0995	0.2965
852	11	F	0.75	0.55	0.44	1.8325
853	12	F	0.64	0.5	0.32	1.12
854	8	I	0.36	0.27	0.056	0.232
855	14	F	0.525	0.38	0.21	0.6065
856	10	F	0.655	0.51	0.364	1.415
857	10	F	0.635	0.475	0.291	1.1845
858	11	M	0.575	0.425	0.2	0.8635
859	10	F	0.665	0.51	0.325	1.3805
860	9	F	0.625	0.49	0.3095	1.115
861	14	I	0.565	0.435	0.285	0.782
862	10	M	0.53	0.405	0.2525	0.8315
863	15	F	0.625	0.5	0.305	0.953
864	8	M	0.355	0.265	0.0695	0.201
865	10	F	0.585	0.445	0.253	0.913
866	10	M	0.535	0.44	0.3	0.875
867	6	I	0.38	0.285	0.07	0.237
868	7	I	0.275	0.2	0.035	0.1165
869	10	I	0.515	0.35	0.1275	0.4745
870	9	M	0.58	0.45	0.215	0.8675
871	8	I	0.53	0.38	0.185	0.616
872	12	M	0.535	0.44	0.26	0.6765
873	9	F	0.57	0.43	0.2285	0.811
874	11	F	0.565	0.45	0.249	0.887
875	15	F	0.61	0.495	0.365	1.213
876	6	I	0.43	0.33	0.097	0.449
877	7	I	0.505	0.39	0.172	0.6125
878	8	F	0.52	0.405	0.22	0.776
879	9	F	0.58	0.425	0.2705	0.844
880	8	I	0.465	0.345	0.12	0.393
881	8	F	0.575	0.435	0.36	1.0305
882	11	M	0.71	0.555	0.434	2.14
883	14	M	0.6	0.475	0.325	1.0875
884	8	M	0.6	0.47	0.275	0.928
885	12	I	0.45	0.36	0.145	0.45
886	10	F	0.66	0.525	0.3605	1.5965
887	7	M	0.575	0.45	0.259	0.948
888	15	M	0.555	0.435	0.29	0.858
889	6	M	0.5	0.39	0.1565	0.6595
890	14	F	0.685	0.54	0.4735	1.7025
891	10	M	0.615	0.455	0.2655	0.9685
892	5	I	0.27	0.2	0.035	0.1
893	9	I	0.455	0.365	0.145	0.441
894	12	F	0.505	0.385	0.2	0.6185
895	14	M	0.585	0.475	0.28	0.945
896	8	I	0.435	0.375	0.145	0.4155
897	12	F	0.585	0.455	0.315	0.998
898	12	F	0.525	0.41	0.25	0.708
899	5	I	0.25	0.19	0.025	0.0835
900	9	M	0.365	0.285	0.07	0.2205
901	13	M	0.7	0.55	0.4405	1.523
902	10	M	0.55	0.43	0.2405	0.8395
903	12	F	0.61	0.47	0.398	1.2735
904	9	F	0.56	0.44	0.255	0.9705
905	9	F	0.635	0.495	0.2885	1.1565
906	10	M	0.6	0.47	0.305	1.012
907	8	I	0.48	0.355	0.14	0.4495
908	9	I	0.465	0.355	0.1275	0.4325
909	9	I	0.52	0.415	0.168	0.6375
910	9	I	0.54	0.42	0.235	0.6275
911	9	M	0.56	0.425	0.1975	0.9415
912	13	M	0.63	0.515	0.41	1.259
913	7	I	0.4	0.31	0.085	0.127
914	18	M	0.7	0.53	0.42	1.3185
915	8	I	0.36	0.28	0.09	0.2255
916	15	F	0.625	0.515	0.36	1.2415
917	12	M	0.645	0.5	0.386	1.286
918	22	F	0.52	0.395	0.245	0.64
919	19	M	0.54	0.41	0.355	0.989
920	11	F	0.51	0.34	0.2	0.7005
921	7	I	0.28	0.205	0.0335	0.1135
922	10	F	0.635	0.505	0.315	1.1345
923	14	F	0.635	0.51	0.36	1.2125
924	10	M	0.61	0.48	0.29	1.3065
925	7	I	0.425	0.315	0.095	0.303
926	19	F	0.565	0.455	0.35	1.013
927	12	F	0.595	0.465	0.305	1.026
928	11	F	0.525	0.41	0.235	0.7085
929	8	M	0.465	0.375	0.1505	0.5
930	8	I	0.42	0.325	0.1	0.314
931	7	I	0.31	0.235	0.05	0.1515
932	7	I	0.3	0.22	0.043	0.1425
933	7	I	0.44	0.355	0.125	0.495
934	11	M	0.68	0.53	0.4025	1.529
935	7	I	0.465	0.365	0.113	0.467
936	8	F	0.58	0.46	0.275	0.926
937	11	M	0.55	0.45	0.22	0.81
938	7	I	0.42	0.305	0.086	0.3415
939	7	I	0.39	0.29	0.081	0.2845
940	12	F	0.74	0.575	0.471	2.012
941	13	M	0.62	0.48	0.3	1.0765
942	8	I	0.445	0.33	0.1185	0.358
943	11	M	0.65	0.5	0.294	1.202
944	13	M	0.685	0.52	0.4	1.343
945	12	F	0.68	0.515	0.62	1.6185
946	9	F	0.415	0.325	0.11	0.3455
947	11	M	0.605	0.47	0.2925	1.2315
948	9	I	0.485	0.37	0.15	0.457
949	10	F	0.515	0.395	0.3205	0.7565
950	10	F	0.475	0.375	0.155	0.5785
951	6	I	0.42	0.31	0.088	0.279
952	11	M	0.6	0.495	0.3445	1.29
953	18	F	0.6	0.475	0.32	1.162
954	17	M	0.665	0.54	0.415	1.347
955	11	F	0.445	0.355	0.155	0.485
956	9	F	0.64	0.505	0.3315	1.3185
957	7	I	0.475	0.365	0.1165	0.459
958	9	F	0.57	0.45	0.255	0.908
959	13	I	0.445	0.33	0.17	0.437
960	6	M	0.27	0.195	0.03	0.1
961	7	I	0.415	0.305	0.0805	0.336
962	11	M	0.6	0.475	0.292	1.089
963	9	M	0.515	0.37	0.146	0.6145
964	12	M	0.5	0.405	0.245	0.772
965	11	F	0.6	0.45	0.291	0.869
966	10	F	0.455	0.375	0.12	0.458
967	20	F	0.675	0.545	0.605	1.7345
968	7	F	0.305	0.225	0.045	0.1485
969	11	F	0.58	0.455	0.265	0.94
970	9	F	0.505	0.39	0.1785	0.674
971	10	M	0.59	0.44	0.2605	0.966
972	13	M	0.555	0.445	0.275	0.836
973	6	I	0.24	0.185	0.025	0.0715
974	6	I	0.35	0.25	0.046	0.1605
975	8	M	0.44	0.325	0.13	0.413
976	10	F	0.6	0.475	0.31	1.088
977	10	M	0.625	0.48	0.285	1.065
978	9	I	0.42	0.305	0.0955	0.28
979	9	F	0.62	0.465	0.307	1.1605
980	8	I	0.29	0.225	0.035	0.101
981	7	I	0.34	0.265	0.07	0.185
982	6	I	0.335	0.26	0.054	0.192
983	12	M	0.715	0.55	0.5075	2.0045
984	9	M	0.575	0.445	0.239	0.839
985	10	M	0.625	0.49	0.405	1.3325
986	16	F	0.66	0.515	0.555	1.523
987	4	I	0.225	0.17	0.016	0.0565
988	8	I	0.51	0.385	0.1725	0.625
989	7	M	0.205	0.155	0.0155	0.0425
990	10	M	0.605	0.455	0.271	1.1215
991	9	I	0.575	0.44	0.1965	0.8515
992	5	I	0.375	0.29	0.061	0.213
993	11	F	0.605	0.505	0.431	1.434
994	13	F	0.475	0.4	0.21	0.541
995	7	I	0.505	0.385	0.185	0.6005
996	11	M	0.655	0.51	0.4195	1.7835
997	15	M	0.63	0.505	0.45	1.525
998	9	M	0.66	0.535	0.5175	1.5905
999	7	I	0.515	0.4	0.17	0.5625
1000	7	I	0.41	0.305	0.085	0.2645
1001	9	F	0.58	0.435	0.2095	0.953
1002	22	M	0.545	0.42	0.255	0.7505
1003	10	F	0.655	0.51	0.403	1.6525
1004	18	M	0.565	0.455	0.32	0.9065
1005	9	M	0.59	0.5	0.345	1.142
1006	7	I	0.445	0.31	0.0855	0.336
1007	9	F	0.56	0.43	0.31	0.8825
1008	6	I	0.335	0.245	0.06	0.1665
1009	8	I	0.495	0.38	0.1505	0.5
1010	5	I	0.19	0.13	0.009	0.0265
1011	5	I	0.235	0.16	0.015	0.048
1012	20	F	0.61	0.485	0.515	1.3445
1013	6	I	0.325	0.25	0.0455	0.1585
1014	9	F	0.585	0.465	0.259	0.9355
1015	5	I	0.3	0.22	0.035	0.1195
1016	8	I	0.555	0.435	0.206	0.765
1017	9	M	0.6	0.465	0.251	1.038
1018	10	F	0.55	0.45	0.2765	0.875
1019	9	M	0.625	0.47	0.287	1.124
1020	13	I	0.575	0.475	0.275	0.967
1021	10	F	0.54	0.385	0.2365	0.7655
1022	10	F	0.705	0.56	0.624	2.381
1023	11	M	0.5	0.41	0.22	0.662
1024	7	I	0.405	0.3	0.11	0.324
1025	10	M	0.35	0.26	0.06	0.198
1026	10	F	0.665	0.525	0.4275	1.644
1027	9	I	0.465	0.37	0.147	0.4365
1028	6	F	0.465	0.35	0.1095	0.482
1029	8	I	0.47	0.385	0.174	0.587
1030	10	F	0.54	0.42	0.2175	0.8655
1031	6	I	0.4	0.295	0.066	0.252
1032	11	F	0.655	0.54	0.444	1.5555
1033	10	M	0.58	0.455	0.2835	1.012
1034	11	I	0.525	0.43	0.215	0.7365
1035	11	F	0.62	0.54	0.357	1.139
1036	14	F	0.585	0.46	0.325	1.0835
1037	15	M	0.66	0.535	0.54	1.791
1038	12	M	0.68	0.54	0.4715	1.623
1039	8	M	0.625	0.505	0.323	1.131
1040	7	M	0.51	0.405	0.1805	0.6925
1041	17	F	0.53	0.42	0.265	1.001
1042	7	I	0.465	0.37	0.166	0.445
1043	11	I	0.53	0.41	0.1895	0.612
1044	12	F	0.51	0.395	0.193	0.6175
1045	16	F	0.54	0.475	0.34	1.217
1046	11	F	0.62	0.495	0.34	1.062
1047	16	F	0.465	0.375	0.23	0.6
1048	7	I	0.475	0.35	0.14	0.498
1049	19	M	0.5	0.38	0.215	0.66
1050	10	M	0.7	0.6	0.5755	2.003
1051	8	I	0.435	0.33	0.105	0.335
1052	17	I	0.61	0.46	0.37	1.278
1053	10	F	0.525	0.4	0.208	0.714
1054	12	M	0.55	0.46	0.205	0.7085
1055	11	F	0.62	0.505	0.3685	1.3725
1056	7	I	0.44	0.325	0.105	0.35
1057	8	M	0.565	0.445	0.219	0.796
1058	12	F	0.67	0.525	0.44	1.527
1059	14	F	0.665	0.525	0.456	1.5785
1060	8	I	0.39	0.29	0.078	0.2745
1061	9	F	0.61	0.5	0.3345	1.438
1062	11	F	0.41	0.32	0.0985	0.387
1063	5	M	0.285	0.215	0.035	0.106
1064	13	I	0.49	0.385	0.165	0.683
1065	17	F	0.615	0.5	0.345	1.1765
1066	10	I	0.545	0.43	0.208	0.742
1067	5	I	0.25	0.185	0.0225	0.071
1068	12	F	0.69	0.54	0.462	1.2525
1069	10	F	0.665	0.53	0.435	1.491
1070	11	M	0.6	0.495	0.3285	1.3005
1071	11	F	0.625	0.515	0.355	1.1635
1072	10	F	0.625	0.485	0.3705	1.362
1073	4	I	0.195	0.135	0.0095	0.0325
1074	8	I	0.395	0.325	0.095	0.306
1075	13	M	0.69	0.515	0.341	1.8445
1076	8	M	0.51	0.39	0.19	0.769
1077	8	F	0.655	0.53	0.4	1.2835
1078	11	F	0.68	0.56	0.415	1.7775
1079	10	F	0.62	0.5	0.354	1.293
1080	7	I	0.47	0.355	0.139	0.4155
1081	17	M	0.64	0.52	0.455	1.407
1082	9	M	0.61	0.475	0.245	1.142
1083	9	F	0.565	0.44	0.27	0.863
1084	11	M	0.645	0.52	0.432	1.636
1085	15	M	0.555	0.44	0.4405	1.092
1086	10	F	0.65	0.505	0.39	1.2075
1087	7	M	0.535	0.405	0.19	0.7315
1088	9	F	0.645	0.49	0.299	1.1665
1089	8	I	0.53	0.4	0.19	0.617
1090	12	F	0.615	0.475	0.3035	1.023
1091	9	M	0.59	0.475	0.3095	1.077
1092	9	M	0.56	0.43	0.234	0.8995
1093	7	F	0.525	0.41	0.18	0.7745
1094	6	M	0.32	0.24	0.055	0.18
1095	6	I	0.375	0.29	0.075	0.219
1096	9	M	0.67	0.525	0.387	1.4005
1097	7	I	0.38	0.28	0.067	0.2885
1098	14	M	0.57	0.48	0.295	0.9395
1099	7	I	0.435	0.345	0.1185	0.3215
1100	8	I	0.52	0.38	0.167	0.5545
1101	9	F	0.65	0.495	0.355	1.3105
1102	12	F	0.675	0.565	0.553	1.8375
1103	9	M	0.505	0.385	0.1555	0.5525
1104	10	M	0.55	0.43	0.225	0.8265
1105	17	F	0.715	0.565	0.885	2.1995
1106	9	F	0.605	0.455	0.3	0.862
1107	10	F	0.67	0.55	0.354	1.566
1108	13	F	0.465	0.39	0.225	0.6355
1109	10	M	0.615	0.475	0.2725	1.103
1110	16	M	0.58	0.46	0.435	1.2275
1111	7	M	0.47	0.37	0.165	0.5225
1112	12	F	0.64	0.51	0.41	1.3905
1113	8	I	0.435	0.34	0.125	0.396
1114	8	I	0.315	0.23	0.04	0.144
1115	10	M	0.62	0.475	0.3745	1.3585
1116	6	I	0.335	0.25	0.0495	0.1695
1117	13	F	0.59	0.445	0.32	1.1325
1118	6	I	0.375	0.28	0.055	0.215
1119	13	F	0.72	0.575	0.51	1.9335
1120	9	I	0.61	0.465	0.26	0.9225
1121	11	M	0.735	0.585	0.5	2.124
1122	7	I	0.51	0.375	0.175	0.5785
1123	14	M	0.58	0.45	0.36	1.013
1124	9	I	0.575	0.445	0.24	0.9175
1125	8	M	0.49	0.355	0.2505	0.981
1126	14	M	0.495	0.385	0.26	0.6335
1127	9	I	0.5	0.395	0.1785	0.537
1128	11	F	0.65	0.5	0.3235	1.4045
1129	10	F	0.67	0.505	0.3745	1.0145
1130	8	I	0.5	0.4	0.1935	0.616
1131	14	M	0.59	0.45	0.22	0.7485
1132	11	I	0.47	0.35	0.145	0.466
1133	8	M	0.515	0.425	0.2185	0.9365
1134	14	I	0.58	0.42	0.19	0.728
1135	9	F	0.665	0.505	0.36	1.349
1136	9	M	0.555	0.445	0.24	0.8625
1137	6	I	0.36	0.27	0.062	0.2185
1138	6	I	0.425	0.34	0.088	0.389
1139	11	M	0.585	0.455	0.31	0.987
1140	6	I	0.41	0.305	0.09	0.2625
1141	10	I	0.535	0.4	0.22	0.705
1142	8	F	0.555	0.445	0.2785	1.1465
1143	8	M	0.49	0.38	0.15	0.554
1144	7	I	0.335	0.245	0.048	0.2015
1145	10	F	0.705	0.53	0.44	1.564
1146	9	I	0.44	0.35	0.115	0.375
1147	8	I	0.52	0.415	0.171	0.6385
1148	1	I	0.075	0.055	0.0015	0.002
1149	11	I	0.505	0.405	0.225	0.599
1150	16	F	0.74	0.6	0.71	1.974
1151	12	F	0.655	0.515	0.405	1.494
1152	9	F	0.625	0.5	0.315	1.288
1153	7	F	0.58	0.435	0.192	0.839
1154	7	F	0.465	0.355	0.126	0.4705
1155	11	M	0.68	0.515	0.325	1.2345
1156	10	F	0.525	0.43	0.195	0.717
1157	18	F	0.57	0.45	0.295	0.9555
1158	10	M	0.55	0.46	0.32	0.869
1159	11	F	0.67	0.54	0.465	1.619
1160	9	F	0.675	0.53	0.425	1.4985
1161	10	M	0.685	0.535	0.4075	1.3845
1162	12	M	0.65	0.51	0.45	1.446
1163	8	M	0.415	0.315	0.097	0.4015
1164	7	I	0.36	0.265	0.0615	0.1865
1165	5	I	0.315	0.235	0.047	0.18
1166	9	M	0.57	0.435	0.275	0.8965
1167	16	M	0.64	0.5	0.465	1.3035
1168	19	I	0.45	0.355	0.16	0.412
1169	10	F	0.72	0.58	0.5375	2.103
1170	6	M	0.495	0.375	0.155	0.6245
1171	11	M	0.65	0.525	0.4	1.3685
1172	11	F	0.655	0.515	0.331	1.527
1173	26	M	0.6	0.495	0.375	1.0575
1174	9	I	0.485	0.355	0.135	0.5085
1175	5	I	0.32	0.24	0.0425	0.1575
1176	7	M	0.43	0.335	0.1035	0.397
1177	6	I	0.33	0.245	0.0505	0.1445
1178	14	M	0.5	0.385	0.235	0.6335
1179	12	F	0.45	0.345	0.14	0.496
1180	21	F	0.68	0.55	0.585	1.596
1181	10	M	0.66	0.53	0.405	1.583
1182	10	M	0.625	0.475	0.337	1.3405
1183	5	I	0.16	0.12	0.005	0.021
1184	9	M	0.55	0.435	0.215	0.806
1185	8	M	0.445	0.35	0.135	0.4425
1186	8	I	0.405	0.31	0.0995	0.91
1187	16	F	0.55	0.44	0.335	0.946
1188	13	I	0.605	0.47	0.32	0.939
1189	11	M	0.68	0.54	0.4285	1.7825
1190	8	F	0.655	0.455	0.333	1.275
1191	10	M	0.62	0.485	0.25	1.049
1192	11	M	0.605	0.49	0.3555	1.1245
1193	8	M	0.59	0.44	0.245	0.8725
1194	12	I	0.515	0.39	0.2235	0.5555
1195	11	F	0.445	0.335	0.14	0.4565
1196	9	F	0.635	0.51	0.354	1.2235
1197	14	I	0.55	0.425	0.245	0.806
1198	6	I	0.375	0.28	0.055	0.2235
1199	8	M	0.52	0.465	0.255	0.9505
1200	5	I	0.235	0.175	0.02	0.0705
1201	8	I	0.345	0.285	0.075	0.2225
1202	6	I	0.345	0.255	0.06	0.183
1203	5	I	0.3	0.225	0.044	0.1345
1204	11	M	0.63	0.49	0.335	1.229
1205	6	I	0.275	0.2	0.03	0.096
1206	5	F	0.275	0.195	0.025	0.08
1207	12	F	0.69	0.55	0.46	1.569
1208	10	F	0.595	0.465	0.2255	0.98
1209	9	F	0.45	0.345	0.135	0.4165
1210	5	I	0.275	0.205	0.034	0.101
1211	8	I	0.36	0.27	0.061	0.2
1212	10	M	0.35	0.255	0.06	0.179
1213	19	M	0.695	0.57	0.5	1.885
1214	15	F	0.68	0.56	0.46	1.639
1215	8	F	0.565	0.45	0.225	0.8495
1216	6	I	0.4	0.32	0.087	0.348
1217	13	F	0.655	0.52	0.45	1.472
1218	10	M	0.615	0.46	0.27	1.0565
1219	13	M	0.695	0.58	0.5295	1.8995
1220	9	F	0.58	0.46	0.3055	1.165
1221	10	I	0.59	0.475	0.259	0.9745
1222	13	M	0.63	0.53	0.3555	1.4135
1223	9	F	0.64	0.525	0.37	1.382
1224	17	I	0.635	0.505	0.435	1.3315
1225	10	I	0.525	0.4	0.253	0.6955
1226	11	M	0.5	0.4	0.21	0.6025
1227	10	I	0.54	0.415	0.1765	0.619
1228	13	F	0.705	0.55	0.49	1.7095
1229	13	F	0.435	0.35	0.125	0.384
1230	20	M	0.63	0.515	0.45	1.352
1231	16	F	0.615	0.5	0.39	1.1055
1232	10	M	0.585	0.47	0.295	1.409
1233	12	M	0.765	0.585	0.5335	2.398
1234	11	M	0.655	0.525	0.405	1.46
1235	8	I	0.5	0.38	0.134	0.519
1236	7	I	0.35	0.235	0.0495	0.17
1237	7	I	0.5	0.37	0.141	0.5745
1238	13	M	0.59	0.47	0.36	1.1235
1239	9	I	0.57	0.445	0.28	0.867
1240	11	M	0.625	0.47	0.3945	1.1665
1241	8	F	0.585	0.45	0.2335	0.9045
1242	9	M	0.45	0.32	0.115	0.381
1243	11	F	0.62	0.485	0.37	1.271
1244	12	M	0.65	0.51	0.364	1.3165
1245	8	I	0.425	0.3	0.12	0.3515
1246	8	M	0.535	0.435	0.2195	0.874
1247	8	M	0.52	0.425	0.19	0.79
1248	10	I	0.575	0.45	0.26	0.795
1249	13	F	0.525	0.415	0.27	0.7155
1250	11	M	0.67	0.52	0.3	1.39
1251	8	I	0.455	0.325	0.211	0.82
1252	10	M	0.635	0.485	0.355	1.1795
1253	11	M	0.52	0.42	0.2885	0.745
1254	6	I	0.46	0.37	0.1345	0.5335
1255	7	M	0.425	0.33	0.125	0.361
1256	4	I	0.16	0.11	0.006	0.0195
1257	8	I	0.55	0.42	0.1755	0.636
1258	4	I	0.275	0.195	0.0255	0.0875
1259	12	M	0.635	0.525	0.335	1.195
1260	15	F	0.505	0.41	0.195	0.657
1261	23	M	0.63	0.485	0.46	1.3
1262	6	I	0.43	0.34	0.1075	0.4405
1263	8	I	0.46	0.335	0.11	0.444
1264	3	I	0.16	0.11	0.005	0.018
1265	10	M	0.575	0.47	0.355	0.985
1266	13	M	0.65	0.515	0.405	1.3315
1267	9	F	0.555	0.43	0.2015	0.7545
1268	14	F	0.465	0.38	0.22	0.579
1269	17	M	0.52	0.425	0.255	0.7735
1270	6	I	0.255	0.19	0.027	0.083
1271	14	M	0.68	0.53	0.465	1.496
1272	8	M	0.66	0.485	0.3	1.2275
1273	17	I	0.65	0.515	0.33	1.1625
1274	8	F	0.575	0.48	0.248	0.897
1275	14	F	0.615	0.475	0.345	1.1025
1276	11	F	0.625	0.5	0.355	1.217
1277	5	M	0.175	0.135	0.01	0.0305
1278	7	I	0.415	0.33	0.1025	0.3905
1279	3	I	0.165	0.12	0.005	0.0215
1280	21	M	0.675	0.555	0.465	1.4385
1281	9	F	0.58	0.45	0.2895	0.92
1282	11	M	0.64	0.53	0.35	1.1895
1283	11	F	0.615	0.475	0.3165	1.194
1284	11	F	0.59	0.47	0.25	0.9
1285	10	F	0.36	0.265	0.0735	0.2165
1286	7	I	0.4	0.29	0.0815	0.258
1287	6	I	0.365	0.27	0.065	0.197
1288	4	I	0.36	0.27	0.064	0.196
1289	8	I	0.415	0.325	0.0925	0.316
1290	15	F	0.6	0.47	0.29	1.031
1291	10	F	0.41	0.325	0.12	0.3635
1292	10	F	0.605	0.465	0.2585	1.1
1293	11	I	0.58	0.47	0.2445	0.907
1294	11	M	0.45	0.335	0.16	0.478
1295	12	F	0.645	0.52	0.37	1.3105
1296	7	I	0.33	0.255	0.055	0.205
1297	18	F	0.61	0.485	0.33	1.0915
1298	7	I	0.475	0.365	0.123	0.1315
1299	6	I	0.48	0.35	0.135	0.635
1300	11	M	0.64	0.525	0.4435	1.707
1301	11	F	0.635	0.495	0.37	1.596
1302	9	I	0.575	0.45	0.235	0.78
1303	7	I	0.295	0.225	0.032	0.1105
1304	10	F	0.59	0.455	0.2765	0.976
1305	14	F	0.575	0.485	0.3	1.0405
1306	10	F	0.64	0.505	0.36	1.2235
1307	10	M	0.74	0.57	0.446	1.8725
1308	9	I	0.57	0.435	0.25	0.848
1309	11	M	0.625	0.49	0.344	1.169
1310	5	I	0.23	0.175	0.02	0.0645
1311	4	M	0.195	0.145	0.012	0.032
1312	5	I	0.29	0.21	0.03	0.1115
1313	10	M	0.67	0.5	0.415	1.519
1314	13	M	0.55	0.43	0.355	0.9295
1315	8	F	0.515	0.43	0.23	0.834
1316	9	I	0.36	0.275	0.07	0.1975
1317	7	M	0.48	0.365	0.14	0.6015
1318	10	F	0.56	0.445	0.2695	1.224
1319	8	M	0.47	0.385	0.17	0.5895
1320	14	F	0.515	0.425	0.255	0.766
1321	11	F	0.61	0.49	0.3045	1.3475
1322	10	I	0.56	0.445	0.236	0.8225
1323	9	I	0.42	0.345	0.115	0.3435
1324	9	I	0.475	0.365	0.1335	0.49
1325	5	I	0.215	0.165	0.0185	0.059
1326	7	I	0.42	0.3	0.1035	0.316
1327	10	F	0.635	0.495	0.347	1.2355
1328	15	M	0.635	0.48	0.42	1.467
1329	17	F	0.71	0.565	0.565	1.7265
1330	11	F	0.655	0.545	0.547	1.759
1331	8	F	0.535	0.46	0.2	0.7875
1332	9	I	0.57	0.42	0.2365	0.7745
1333	13	M	0.53	0.425	0.295	0.739
1334	9	I	0.43	0.34	0.1045	0.3575
